filename,ytrue,ypred,score0,score1,score2,score3,score4,score5
./data/fj/1.jpg,4,4,-0.08173313736915588,-0.34953635931015015,-3.797664165496826,-0.882835865020752,6.616622447967529,-1.0044164657592773
./data/fj/10.jpg,0,3,2.1305084228515625,-0.14643454551696777,-1.3553991317749023,3.2390029430389404,-0.41984519362449646,-2.939784526824951
./data/fj/100.jpg,0,0,4.001020431518555,-0.9332816004753113,-1.6036057472229004,0.40691983699798584,0.8086024522781372,-2.220114231109619
./data/fj/101.jpg,0,0,3.903855800628662,-0.18956714868545532,-1.0016343593597412,1.1647182703018188,-1.281916856765747,-2.274367332458496
./data/fj/102.jpg,1,4,2.0110037326812744,-0.35063636302948,-2.7007415294647217,0.12384079396724701,3.830376386642456,-2.5441274642944336
./data/fj/103.jpg,0,0,3.9308838844299316,-0.3381008207798004,-1.4173380136489868,0.540756344795227,-0.03118937835097313,-2.414429187774658
./data/fj/104.jpg,0,0,3.936185121536255,-0.24516576528549194,-1.3041119575500488,0.8938431143760681,-0.9473589658737183,-1.9147838354110718
./data/fj/105.jpg,1,1,0.4075605869293213,5.037969589233398,-2.2359347343444824,-0.5701977014541626,-0.5350412726402283,-1.6835039854049683
./data/fj/106.jpg,1,1,1.7068904638290405,3.9031424522399902,-1.6978020668029785,-0.5405534505844116,-0.8610897064208984,-2.129119873046875
./data/fj/107.jpg,0,0,3.630086660385132,-0.24413397908210754,-1.1867413520812988,-0.1342783272266388,-0.3829832375049591,-1.5043389797210693
./data/fj/108.jpg,0,0,3.416505813598633,0.017558548599481583,-1.7734419107437134,1.0177875757217407,-0.12323127686977386,-2.2289862632751465
./data/fj/109.jpg,0,0,3.848585605621338,0.0872124433517456,-1.874269723892212,0.6892890334129333,-0.23758669197559357,-2.281825304031372
./data/fj/11.jpg,1,1,2.144822359085083,3.2870941162109375,-1.584689736366272,1.0582879781723022,-2.291461229324341,-2.3317739963531494
./data/fj/110.jpg,0,1,2.2152204513549805,3.2657432556152344,-2.2827646732330322,-0.28194141387939453,-0.24489238858222961,-2.3528192043304443
./data/fj/111.jpg,1,1,0.8168432116508484,4.4912495613098145,-1.6732232570648193,-0.08426032215356827,-1.4668657779693604,-1.8552460670471191
./data/fj/112.jpg,1,1,0.8358154892921448,5.371304988861084,-2.0519158840179443,-0.579092264175415,-1.2743455171585083,-2.075756311416626
./data/fj/113.jpg,0,3,1.6711739301681519,-1.0233118534088135,0.01931348629295826,2.1800177097320557,-0.7328869700431824,-1.8919175863265991
./data/fj/114.jpg,0,0,3.7386417388916016,-0.355877548456192,-1.09029221534729,0.163330078125,-0.6057131290435791,-1.593093752861023
./data/fj/115.jpg,0,3,2.269915819168091,-0.6423462629318237,-1.6480900049209595,3.893303394317627,-0.8397535085678101,-2.8078079223632812
./data/fj/116.jpg,0,0,3.3715972900390625,0.30600154399871826,-1.3246910572052002,0.9394350051879883,-0.891076922416687,-2.1274616718292236
./data/fj/117.jpg,0,0,3.8266050815582275,-0.7469308376312256,-1.7581360340118408,0.7943668365478516,0.5794214606285095,-2.3013908863067627
./data/fj/118.jpg,0,0,3.1023120880126953,0.8885812759399414,-1.6813908815383911,0.33907783031463623,-0.2307136356830597,-2.179564952850342
./data/fj/119.jpg,1,1,0.6912800669670105,5.536304950714111,-2.4490623474121094,-0.4267335832118988,-1.0753092765808105,-2.104072093963623
./data/fj/12.jpg,1,1,0.8521553874015808,4.867151737213135,-2.0541398525238037,0.1772887110710144,-2.073789358139038,-1.7070344686508179
./data/fj/120.jpg,1,0,2.021327018737793,1.8679053783416748,-2.579843521118164,1.398913025856018,0.5967965722084045,-2.7167809009552
./data/fj/121.jpg,0,3,2.0309133529663086,0.29453516006469727,-2.059526205062866,5.349215507507324,-1.656650185585022,-3.571284770965576
./data/fj/122.jpg,1,1,0.5657203793525696,6.529137134552002,-2.3338096141815186,0.3847334384918213,-1.8831244707107544,-2.8834388256073
./data/fj/123.jpg,1,1,0.7915950417518616,2.430171489715576,-2.546043634414673,-0.3966144919395447,2.369051218032837,-2.236274003982544
./data/fj/124.jpg,1,1,1.7982836961746216,2.7174952030181885,-2.054818868637085,-0.7667742967605591,0.7052303552627563,-1.9927363395690918
./data/fj/125.jpg,1,1,0.6148399710655212,4.102410316467285,-2.485053062438965,0.43305954337120056,-0.002877620980143547,-2.3704357147216797
./data/fj/126.jpg,1,1,1.8398274183273315,4.3088812828063965,-2.350595235824585,1.7391804456710815,-2.169973134994507,-2.8750662803649902
./data/fj/127.jpg,0,0,3.6997570991516113,0.7303737998008728,-1.9780173301696777,0.4452968239784241,-0.5981394052505493,-2.0149989128112793
./data/fj/128.jpg,0,0,4.224150657653809,-0.4052901864051819,-1.5255851745605469,0.2142707109451294,-0.21390199661254883,-2.0336124897003174
./data/fj/129.jpg,5,5,-0.26455482840538025,0.18387426435947418,-1.4964241981506348,-0.5825580358505249,-0.8212871551513672,3.337536334991455
./data/fj/13.jpg,0,1,1.8649393320083618,2.6665430068969727,-2.0948991775512695,-0.47725021839141846,0.3800044357776642,-2.0401206016540527
./data/fj/130.jpg,0,0,2.803938627243042,-1.1456669569015503,-1.4375226497650146,1.9908660650253296,0.5840584635734558,-2.5736143589019775
./data/fj/131.jpg,0,0,3.7791061401367188,-0.182331845164299,-1.062690258026123,0.7276599407196045,-0.9897616505622864,-1.9229108095169067
./data/fj/132.jpg,0,0,4.231245517730713,-0.46794795989990234,-1.3383076190948486,0.29179251194000244,-0.5076682567596436,-1.9793477058410645
./data/fj/133.jpg,0,0,4.545063018798828,-0.6964128017425537,-1.437692642211914,0.09873227775096893,-0.5736961364746094,-1.5990864038467407
./data/fj/134.jpg,0,0,3.9517030715942383,-0.6456080079078674,-0.9724887013435364,0.16048245131969452,-0.6922023296356201,-1.5444356203079224
./data/fj/135.jpg,2,2,0.9680796265602112,-0.7190142869949341,4.559637546539307,0.866981029510498,-2.702671766281128,-2.3936400413513184
./data/fj/136.jpg,2,3,0.9400437474250793,-2.0111756324768066,1.8653873205184937,3.5428407192230225,-0.5163028836250305,-3.2991809844970703
./data/fj/137.jpg,1,1,0.22461119294166565,2.6526384353637695,-2.4099597930908203,0.642674446105957,1.350130558013916,-2.0856363773345947
./data/fj/138.jpg,1,1,0.8134406805038452,3.7270994186401367,-2.503326177597046,0.9726497530937195,-0.1473124921321869,-2.467439651489258
./data/fj/139.jpg,0,0,2.721297264099121,-2.0147674083709717,-1.4393385648727417,1.94607675075531,1.636816143989563,-2.5476789474487305
./data/fj/14.jpg,0,0,4.451272010803223,-0.524366557598114,-0.9838570952415466,0.06308550387620926,-0.5148570537567139,-2.233541488647461
./data/fj/140.jpg,0,0,2.686751365661621,-1.5122053623199463,-1.85129714012146,0.22166845202445984,2.6201655864715576,-1.9993007183074951
./data/fj/141.jpg,0,0,3.263011932373047,1.551520586013794,-1.5776548385620117,0.5864571332931519,-0.9281134605407715,-2.558048963546753
./data/fj/142.jpg,0,0,4.632227897644043,-0.7707750797271729,-1.3636698722839355,-0.10494796931743622,-0.1516578644514084,-1.9553815126419067
./data/fj/143.jpg,1,1,0.7014190554618835,4.619858264923096,-2.3214266300201416,-0.4777744710445404,-0.5404703617095947,-1.780517578125
./data/fj/144.jpg,1,1,0.8438658118247986,4.50624942779541,-2.268598794937134,0.6443431377410889,-1.7315716743469238,-1.8190009593963623
./data/fj/145.jpg,1,0,3.62577486038208,0.8553330898284912,-1.511484146118164,0.4992910623550415,-1.3234933614730835,-1.8948911428451538
./data/fj/146.jpg,1,0,1.633129358291626,0.33443352580070496,-1.9689878225326538,1.5248357057571411,0.42188116908073425,-1.6378486156463623
./data/fj/147.jpg,0,1,-0.07233625650405884,5.424330234527588,-2.3169455528259277,-0.6161150336265564,-0.5529376268386841,-1.560455083847046
./data/fj/148.jpg,4,4,-0.4396611750125885,1.6500358581542969,-2.183202028274536,-1.6875174045562744,1.6523481607437134,1.2271332740783691
./data/fj/149.jpg,0,0,2.9304404258728027,-0.7557631134986877,-1.4516727924346924,2.2605745792388916,-0.12599611282348633,-2.5441722869873047
./data/fj/15.jpg,0,1,1.7066936492919922,1.7475190162658691,-1.6861987113952637,0.6023105382919312,-0.1833173930644989,-2.0047924518585205
./data/fj/150.jpg,3,3,0.7554762959480286,0.3052750825881958,-1.6809477806091309,3.304624557495117,0.3945132791996002,-2.7610154151916504
./data/fj/151.jpg,0,0,3.5470032691955566,-0.42898067831993103,-1.0279834270477295,0.5637180209159851,-0.5943809747695923,-1.7413698434829712
./data/fj/152.jpg,1,1,0.6560675501823425,3.5528321266174316,-2.6683154106140137,-0.7721177339553833,1.2468971014022827,-1.686785101890564
./data/fj/153.jpg,0,0,3.8826491832733154,-0.591541051864624,-1.1898986101150513,0.576278030872345,-0.4514891803264618,-2.0680603981018066
./data/fj/154.jpg,1,1,0.3824058771133423,6.110239505767822,-2.3275041580200195,-0.1413171887397766,-1.8430616855621338,-2.056688070297241
./data/fj/155.jpg,0,0,4.0929155349731445,0.1923152655363083,-1.9990019798278809,0.23497042059898376,0.21165300905704498,-2.309624433517456
./data/fj/156.jpg,4,4,2.156820297241211,-1.049182415008545,-2.4054973125457764,0.6392163038253784,2.79427433013916,-1.890316128730774
./data/fj/157.jpg,0,3,2.4031059741973877,-0.5685182213783264,-0.4730890393257141,3.856269121170044,-1.975115418434143,-2.9323432445526123
./data/fj/158.jpg,0,3,2.154388904571533,0.10614897310733795,-1.2222167253494263,4.223427772521973,-1.8286441564559937,-2.9549341201782227
./data/fj/159.jpg,0,2,1.4989312887191772,-0.8054869771003723,2.6093227863311768,2.1456692218780518,-2.325640916824341,-2.846669912338257
./data/fj/16.jpg,0,4,1.0747050046920776,1.1846500635147095,-2.7257511615753174,0.5940319299697876,1.6425143480300903,-1.3498666286468506
./data/fj/160.jpg,0,0,4.18666934967041,-0.8542681932449341,-1.1585674285888672,0.6898473501205444,-0.6536009311676025,-1.9471325874328613
./data/fj/161.jpg,0,0,2.1449105739593506,-0.8083845376968384,1.3261295557022095,1.1012295484542847,-1.2157182693481445,-2.3137433528900146
./data/fj/162.jpg,0,3,2.338430404663086,1.8870065212249756,-2.264997720718384,3.2909765243530273,-1.6950918436050415,-3.099663019180298
./data/fj/163.jpg,0,4,1.2482932806015015,-1.296003818511963,-2.538102149963379,2.3899669647216797,2.5857834815979004,-1.8881266117095947
./data/fj/164.jpg,4,4,0.1893414556980133,-0.9978524446487427,-3.1913702487945557,-0.5733870267868042,5.367578983306885,-0.2122400403022766
./data/fj/165.jpg,0,3,2.4947152137756348,-0.7443975806236267,-1.6685776710510254,3.6950700283050537,-0.26000726222991943,-3.14261531829834
./data/fj/166.jpg,0,3,2.388922691345215,-1.1098623275756836,-1.0491464138031006,5.011683464050293,-1.565496563911438,-3.2444851398468018
./data/fj/167.jpg,4,4,-0.16289938986301422,-1.0674245357513428,-3.3415935039520264,-0.8543604612350464,7.1052093505859375,-1.2166638374328613
./data/fj/168.jpg,4,4,0.24770748615264893,1.724062442779541,-2.9319803714752197,0.4749065637588501,3.2120420932769775,-2.1656455993652344
./data/fj/169.jpg,2,2,0.7408614158630371,-1.4102721214294434,3.363415479660034,2.1334712505340576,-2.3846471309661865,-2.0322914123535156
./data/fj/17.jpg,0,1,1.6604586839675903,2.17020845413208,-2.3776605129241943,1.295961856842041,-0.4063122868537903,-2.1400961875915527
./data/fj/170.jpg,3,3,1.5148212909698486,-1.8580025434494019,1.8058786392211914,3.668590545654297,-1.9844107627868652,-2.608541250228882
./data/fj/171.jpg,0,0,3.967043399810791,-0.17787456512451172,-1.1489639282226562,0.052805010229349136,-0.7824989557266235,-1.6587227582931519
./data/fj/172.jpg,0,0,2.054727792739868,-0.6575282216072083,0.47321459650993347,0.7926358580589294,-0.8719173669815063,-1.61314857006073
./data/fj/173.jpg,0,3,1.8459393978118896,-0.47468301653862,-1.5809216499328613,5.789402961730957,-1.6065196990966797,-3.4244091510772705
./data/fj/174.jpg,0,3,1.3994003534317017,-1.009763240814209,-1.7907609939575195,5.09117317199707,-0.10697247087955475,-3.042397975921631
./data/fj/175.jpg,0,0,4.312827110290527,-0.20771223306655884,-1.4161007404327393,0.29187631607055664,-0.6457082033157349,-2.0576634407043457
./data/fj/176.jpg,0,0,3.252420425415039,-0.39993301033973694,-1.5646984577178955,3.06278133392334,-1.019816517829895,-2.6903176307678223
./data/fj/177.jpg,0,0,4.358448028564453,-0.7186788320541382,-1.385507345199585,0.8349618315696716,-0.41261258721351624,-2.278343677520752
./data/fj/178.jpg,1,3,1.8697823286056519,2.500652551651001,-2.4722001552581787,2.9251692295074463,-1.8533982038497925,-2.7267374992370605
./data/fj/179.jpg,0,3,2.0393056869506836,0.5202937722206116,-1.6091248989105225,3.7889716625213623,-1.4015873670578003,-2.8501548767089844
./data/fj/18.jpg,1,3,1.3112609386444092,1.4874441623687744,-1.1745429039001465,2.8951051235198975,-1.9260995388031006,-2.479160785675049
./data/fj/180.jpg,0,4,1.2322152853012085,-1.4638947248458862,-2.511871099472046,0.8829126954078674,4.208349704742432,-1.66803777217865
./data/fj/181.jpg,3,3,2.2663822174072266,0.4996027648448944,-1.4930678606033325,4.1511640548706055,-2.0679664611816406,-2.982117176055908
./data/fj/182.jpg,3,3,0.9802942276000977,-0.7887567281723022,-1.5520528554916382,3.164605140686035,0.7059776782989502,-2.117910385131836
./data/fj/183.jpg,0,0,4.056918621063232,-0.5586673617362976,-1.9544979333877563,1.7716740369796753,-0.379116028547287,-2.75350022315979
./data/fj/184.jpg,0,0,3.5648534297943115,-0.661909282207489,-2.0990936756134033,2.5547597408294678,-0.20964385569095612,-2.9069247245788574
./data/fj/185.jpg,0,0,3.2555689811706543,0.6389851570129395,-1.3127238750457764,1.1154550313949585,-1.3901172876358032,-2.079603672027588
./data/fj/186.jpg,0,0,4.413548946380615,-0.7710939645767212,-0.8967586755752563,0.4334549307823181,-0.8139278888702393,-2.060176372528076
./data/fj/187.jpg,0,0,3.690972328186035,-1.157764196395874,-1.7681639194488525,1.7121862173080444,0.5192139148712158,-2.7133536338806152
./data/fj/188.jpg,0,0,3.817566394805908,-0.43507716059684753,-1.462796688079834,0.8401092290878296,-0.32996779680252075,-2.2270889282226562
./data/fj/189.jpg,0,0,4.068231582641602,-0.7606163024902344,-1.256378173828125,0.9100377559661865,-0.5168256163597107,-2.1581389904022217
./data/fj/19.jpg,0,0,3.4798736572265625,0.49332472681999207,-1.6355496644973755,-0.10753244161605835,-0.5048749446868896,-1.505152702331543
./data/fj/190.jpg,0,0,4.248903274536133,-1.2870116233825684,-0.6740763783454895,1.5935641527175903,-1.352038025856018,-2.219040870666504
./data/fj/191.jpg,2,2,0.263395220041275,-1.2702925205230713,5.727514266967773,0.1172676533460617,-2.270211935043335,-1.8915845155715942
./data/fj/192.jpg,0,0,4.2274346351623535,-0.4073985815048218,-1.5044612884521484,1.0593535900115967,-1.048341989517212,-1.8755548000335693
./data/fj/193.jpg,0,0,4.032466888427734,-0.5613728165626526,-1.0859699249267578,0.4319765567779541,-0.5977662801742554,-1.892243504524231
./data/fj/194.jpg,1,1,0.5198534727096558,3.6570615768432617,-1.085730791091919,0.422115683555603,-1.950457215309143,-1.476123332977295
./data/fj/195.jpg,0,0,4.307339668273926,-0.4903261363506317,-1.0384422540664673,0.9052860736846924,-1.1750637292861938,-2.2363369464874268
./data/fj/196.jpg,0,0,3.8968024253845215,-0.17651152610778809,-1.3438665866851807,-0.2749038636684418,-0.1351708173751831,-1.7702285051345825
./data/fj/197.jpg,0,0,5.027836799621582,-0.22037073969841003,-2.0371410846710205,0.6009612083435059,-0.5291981101036072,-2.4347753524780273
./data/fj/198.jpg,0,0,4.096565246582031,-0.19556216895580292,-1.7967967987060547,-0.12366636097431183,-0.00952981412410736,-1.6382964849472046
./data/fj/199.jpg,4,3,1.054577350616455,1.568386435508728,-2.170992612838745,1.8672960996627808,-0.1407172679901123,-1.8894188404083252
./data/fj/2.jpg,3,4,1.1877944469451904,0.8127080202102661,-2.591287136077881,1.5681908130645752,1.607765555381775,-2.2123937606811523
./data/fj/20.jpg,0,0,3.998170852661133,-0.3649694621562958,-1.771860122680664,0.574283242225647,0.10428373515605927,-2.303739547729492
./data/fj/200.jpg,0,0,4.318297386169434,-0.718248724937439,-1.71550452709198,0.2008809745311737,-0.023662231862545013,-1.7606230974197388
./data/fj/201.jpg,0,0,3.99001407623291,-0.8606441020965576,-1.1942932605743408,1.510867714881897,-0.7797456979751587,-2.359783172607422
./data/fj/202.jpg,0,0,4.2451629638671875,-0.5587340593338013,-1.165407419204712,0.2750687003135681,-0.48478078842163086,-2.007265567779541
./data/fj/203.jpg,0,0,4.086761951446533,-0.6326442956924438,-1.3283785581588745,1.553530216217041,-0.9044287204742432,-2.5468640327453613
./data/fj/204.jpg,0,0,3.751483917236328,-1.0412163734436035,-1.4684808254241943,2.7181284427642822,-0.8668131828308105,-2.726527452468872
./data/fj/205.jpg,1,1,0.9482536911964417,5.195607662200928,-2.508711814880371,0.6946896314620972,-1.2042090892791748,-2.745858669281006
./data/fj/206.jpg,1,1,0.3696151673793793,5.9351911544799805,-2.3376262187957764,-0.020227398723363876,-1.4973770380020142,-2.217555522918701
./data/fj/207.jpg,1,1,1.2522433996200562,2.8800880908966064,-2.063283920288086,-0.4050164222717285,0.38647523522377014,-1.8465276956558228
./data/fj/208.jpg,1,1,0.6674708127975464,2.4459924697875977,-0.7904273271560669,1.174759030342102,-1.7159162759780884,-1.5957344770431519
./data/fj/209.jpg,0,0,3.7580230236053467,-0.10718335211277008,-1.292628288269043,1.7027182579040527,-1.3415783643722534,-2.328794240951538
./data/fj/21.jpg,0,3,2.0082457065582275,-0.6484552621841431,-0.054423004388809204,2.05737042427063,-1.2246967554092407,-1.973134160041809
./data/fj/210.jpg,1,1,1.424106478691101,4.859429359436035,-2.38103985786438,-0.2190575897693634,-1.3095097541809082,-2.2356009483337402
./data/fj/211.jpg,0,3,2.161275625228882,-1.392186164855957,-1.6606135368347168,2.473024368286133,1.6672099828720093,-2.748931407928467
./data/fj/212.jpg,0,0,4.326669216156006,0.20786640048027039,-1.6177715063095093,0.19488903880119324,-0.5482697486877441,-2.2045536041259766
./data/fj/213.jpg,0,3,2.695138454437256,1.9255995750427246,-2.1566200256347656,3.6035783290863037,-2.538148880004883,-3.1427316665649414
./data/fj/214.jpg,1,1,0.5492457747459412,5.6176438331604,-2.04260516166687,0.02995939925312996,-1.9130563735961914,-2.0164809226989746
./data/fj/215.jpg,0,0,3.35231876373291,-0.4037179946899414,-1.7004841566085815,3.2060701847076416,-1.3582813739776611,-2.7311854362487793
./data/fj/216.jpg,0,3,1.7782238721847534,-0.16444313526153564,-0.7628016471862793,4.250938892364502,-2.243441581726074,-2.6024246215820312
./data/fj/217.jpg,1,1,1.3865509033203125,2.6732177734375,-1.761444330215454,2.5533406734466553,-2.2443180084228516,-2.3480637073516846
./data/fj/218.jpg,0,0,3.0770063400268555,-1.2428278923034668,-1.6470693349838257,1.9605945348739624,0.24178433418273926,-2.0859827995300293
./data/fj/219.jpg,0,0,4.014257907867432,-0.5433508157730103,-1.385818600654602,1.029147744178772,-0.6073260307312012,-2.275165557861328
./data/fj/22.jpg,0,0,4.246238708496094,-0.3488636314868927,-1.4637105464935303,-0.1975138783454895,-0.053448837250471115,-1.8591012954711914
./data/fj/220.jpg,0,3,2.9222252368927,-0.7870115041732788,-1.6859482526779175,3.436854124069214,-0.5646744966506958,-2.8414199352264404
./data/fj/221.jpg,1,3,2.1306138038635254,0.648396372795105,-2.1783103942871094,2.8980872631073,-0.8641376495361328,-2.246096134185791
./data/fj/222.jpg,0,0,3.4220337867736816,-0.3969825804233551,-2.2537004947662354,1.170254111289978,0.321185827255249,-1.8616846799850464
./data/fj/223.jpg,1,1,-0.526339054107666,5.471813201904297,-3.004755973815918,-1.161407709121704,1.2537579536437988,-1.6491695642471313
./data/fj/224.jpg,1,0,2.304727554321289,1.4236572980880737,-1.4881627559661865,1.396909236907959,-1.1517809629440308,-2.336721420288086
./data/fj/225.jpg,1,0,3.841808795928955,0.7814303636550903,-2.4949209690093994,2.2756950855255127,-1.0476802587509155,-3.0493967533111572
./data/fj/226.jpg,0,0,2.49429988861084,0.6115487813949585,-1.82840895652771,0.8015326261520386,-0.23300516605377197,-1.6023168563842773
./data/fj/227.jpg,0,1,1.7178369760513306,2.620685577392578,-2.6865179538726807,2.3211171627044678,-1.0064224004745483,-2.7843146324157715
./data/fj/228.jpg,3,3,1.0730773210525513,-0.8584488034248352,-1.357799768447876,5.48807430267334,-1.083396553993225,-2.7043471336364746
./data/fj/229.jpg,0,0,3.741429567337036,-0.07330283522605896,-1.4518542289733887,0.5197979211807251,-0.46748313307762146,-1.982077956199646
./data/fj/23.jpg,0,0,2.832329511642456,-0.8603589534759521,-1.4890199899673462,2.031216621398926,0.23955342173576355,-2.7098453044891357
./data/fj/230.jpg,0,0,3.720834732055664,-0.7671771049499512,-1.1825288534164429,1.9739538431167603,-1.005940318107605,-2.419410228729248
./data/fj/233.jpg,1,1,0.4896957576274872,4.3418660163879395,-1.4413084983825684,0.08308672904968262,-1.3385101556777954,-1.900520920753479
./data/fj/234.jpg,1,1,0.4553956091403961,5.39798641204834,-2.1765077114105225,-0.17792034149169922,-1.2085386514663696,-2.084258556365967
./data/fj/235.jpg,0,0,3.466067314147949,0.32089540362358093,-1.4572489261627197,0.904248833656311,-0.7602120637893677,-2.1563942432403564
./data/fj/236.jpg,0,0,2.5111207962036133,0.6800686717033386,-1.050394892692566,-0.45760655403137207,-0.4350045621395111,-1.076107144355774
./data/fj/237.jpg,0,0,4.478307723999023,-0.5917770862579346,-1.1485981941223145,0.6717517375946045,-0.7695169448852539,-2.4625725746154785
./data/fj/238.jpg,0,3,1.4533226490020752,-0.5102782249450684,0.3952047526836395,4.400576591491699,-2.5389039516448975,-2.756659507751465
./data/fj/239.jpg,0,0,2.072828769683838,-0.7506400346755981,-1.992905616760254,1.6645840406417847,1.7552317380905151,-2.3379573822021484
./data/fj/24.jpg,0,4,0.7790068984031677,1.182143211364746,-2.5685667991638184,0.10808674246072769,2.8649137020111084,-1.9681646823883057
./data/fj/240.jpg,0,1,1.6853502988815308,2.2842578887939453,-1.5934667587280273,0.4940907061100006,-0.9286699295043945,-1.8370531797409058
./data/fj/241.jpg,0,0,3.8069870471954346,-0.4752984344959259,-1.2760944366455078,0.1679098904132843,-1.1274551153182983,-0.7482600212097168
./data/fj/242.jpg,0,0,4.490687847137451,-0.33450472354888916,-1.2055537700653076,-0.05101321265101433,-0.29692259430885315,-2.2069077491760254
./data/fj/243.jpg,3,3,1.292601466178894,-0.5350065231323242,-1.1949604749679565,3.7496883869171143,-0.17175577580928802,-2.6304681301116943
./data/fj/244.jpg,3,3,1.4790810346603394,1.1407482624053955,-2.2547972202301025,2.1507983207702637,0.05188019201159477,-2.2073001861572266
./data/fj/245.jpg,0,0,4.337120056152344,-0.2595771253108978,-1.3791460990905762,0.04993201419711113,-0.42072293162345886,-2.0533599853515625
./data/fj/246.jpg,3,3,2.474649429321289,-1.16888427734375,-1.5832884311676025,4.120864391326904,-0.02162795327603817,-3.2655081748962402
./data/fj/247.jpg,0,0,3.0124473571777344,-0.36218321323394775,-1.416521668434143,2.161269426345825,-0.7879231572151184,-2.2618725299835205
./data/fj/248.jpg,0,0,4.138893127441406,-0.16150633990764618,-1.2255795001983643,0.7133315205574036,-1.1342140436172485,-2.0135674476623535
./data/fj/249.jpg,0,0,3.4379372596740723,0.07874828577041626,-0.5477190017700195,0.1718338131904602,-0.909515380859375,-1.844429612159729
./data/fj/25.jpg,3,3,1.0324019193649292,1.4283186197280884,-1.6086177825927734,3.215465545654297,-1.0147308111190796,-2.911334991455078
./data/fj/250.jpg,0,0,3.97627592086792,-0.05380460247397423,-1.491894245147705,0.3817240595817566,-0.8412841558456421,-1.6174041032791138
./data/fj/251.jpg,3,3,1.6366668939590454,2.0394539833068848,-1.8468931913375854,2.318774938583374,-1.1873139142990112,-2.6136879920959473
./data/fj/252.jpg,0,0,3.524848461151123,0.16091662645339966,-1.556650161743164,-0.1467498391866684,-0.1118914932012558,-1.6279305219650269
./data/fj/253.jpg,3,3,0.7783824801445007,-1.0221819877624512,-1.5353683233261108,3.784933567047119,1.009887933731079,-2.5322680473327637
./data/fj/254.jpg,1,1,1.446341633796692,2.5237622261047363,-2.2312214374542236,1.680496335029602,-0.4682113230228424,-2.451904296875
./data/fj/255.jpg,0,0,4.635170936584473,-0.5480597615242004,-1.4570051431655884,0.05677574500441551,-0.2706288993358612,-1.9739381074905396
./data/fj/256.jpg,0,0,4.713176727294922,-0.307282418012619,-1.2993965148925781,0.14548331499099731,-0.9417271614074707,-2.118074417114258
./data/fj/257.jpg,3,0,3.4603567123413086,-1.3929128646850586,-1.357984185218811,2.0231268405914307,0.13644520938396454,-2.5543594360351562
./data/fj/258.jpg,0,3,2.1434850692749023,-1.8648864030838013,-1.567345142364502,2.917102336883545,1.2321038246154785,-2.15458607673645
./data/fj/259.jpg,0,4,2.0816023349761963,-1.5773730278015137,-1.8295726776123047,2.0575778484344482,2.323753833770752,-2.6125950813293457
./data/fj/26.jpg,0,1,1.0334019660949707,2.0399861335754395,-2.015320301055908,2.0370752811431885,0.14413341879844666,-2.8933863639831543
./data/fj/260.jpg,0,0,4.269416809082031,0.06062481924891472,-1.5537388324737549,0.3213960528373718,-0.5584637522697449,-2.185513496398926
./data/fj/27.jpg,0,0,3.550584077835083,0.07250197231769562,-1.4497920274734497,0.36577966809272766,-0.46198201179504395,-1.9495009183883667
./data/fj/28.jpg,0,4,1.0027329921722412,1.8218117952346802,-1.8984639644622803,-0.38439396023750305,1.8281904458999634,-2.0018553733825684
./data/fj/29.jpg,1,1,0.02044052444398403,4.901957988739014,-1.9095702171325684,-0.5944612622261047,-0.6733924746513367,-1.5450526475906372
./data/fj/3.jpg,3,0,2.8758671283721924,-1.2346136569976807,-1.1000118255615234,2.0305330753326416,0.08191254734992981,-2.518087863922119
./data/fj/30.jpg,1,1,0.42796602845191956,5.484673023223877,-2.6069512367248535,-0.5515704154968262,0.09391118586063385,-2.426490068435669
./data/fj/31.jpg,0,3,2.1412153244018555,-0.010103907436132431,-0.8403910994529724,2.2396605014801025,-1.3597687482833862,-1.9854656457901
./data/fj/32.jpg,1,1,0.7324331402778625,3.4138541221618652,-1.565110445022583,0.14556185901165009,-0.8368328809738159,-1.6559903621673584
./data/fj/33.jpg,0,0,3.218418598175049,0.10661031305789948,-0.9855650067329407,0.7924280166625977,-0.42328503727912903,-2.507418155670166
./data/fj/34.jpg,0,0,2.3378183841705322,1.6637639999389648,-1.4899693727493286,0.21400269865989685,-0.8654900193214417,-1.5849038362503052
./data/fj/35.jpg,4,4,0.8780078887939453,-2.088667869567871,-3.210271120071411,-0.3881736695766449,6.715314865112305,-1.573324203491211
./data/fj/36.jpg,4,0,3.0421302318573,-1.1582422256469727,-1.9694823026657104,1.7075481414794922,1.2470365762710571,-2.3938968181610107
./data/fj/37.jpg,1,0,2.4246716499328613,0.5089663863182068,-1.7672531604766846,0.32907941937446594,0.8959290981292725,-2.2275218963623047
./data/fj/38.jpg,0,0,3.6539995670318604,-0.6641452312469482,-0.868161141872406,0.4398707151412964,-0.1622915267944336,-2.1078040599823
./data/fj/39.jpg,0,0,3.9993996620178223,0.49314209818840027,-1.6673307418823242,0.49368417263031006,-0.8855859637260437,-2.155935049057007
./data/fj/4.jpg,0,0,3.482443332672119,-0.943936824798584,-1.4181679487228394,1.3935142755508423,-0.32146695256233215,-2.054405450820923
./data/fj/40.jpg,0,0,4.251176834106445,-0.7239364385604858,-1.4350037574768066,0.06290727853775024,0.17578111588954926,-2.0782644748687744
./data/fj/41.jpg,3,3,1.9258171319961548,0.7824729084968567,-0.5386026501655579,2.834197998046875,-2.2610061168670654,-2.3634705543518066
./data/fj/42.jpg,0,0,2.5749411582946777,-0.6096576452255249,-0.662709653377533,0.7642146348953247,0.7698103189468384,-2.478318214416504
./data/fj/43.jpg,3,0,2.2456765174865723,-0.9459711313247681,1.2290010452270508,2.121417284011841,-1.443223237991333,-2.7610182762145996
./data/fj/44.jpg,0,2,1.9807780981063843,-1.1795166730880737,3.4478237628936768,0.8823952078819275,-1.9112629890441895,-2.837676525115967
./data/fj/45.jpg,0,0,3.4611406326293945,-0.41187959909439087,-0.90340256690979,1.6032260656356812,-1.0171899795532227,-2.4505844116210938
./data/fj/46.jpg,0,0,4.558210849761963,-0.5889012217521667,-1.1726323366165161,0.20580652356147766,-0.5165689587593079,-2.1737239360809326
./data/fj/47.jpg,0,0,3.4734063148498535,-0.01950002834200859,-1.5831289291381836,0.22710251808166504,0.6588106155395508,-2.4917025566101074
./data/fj/48.jpg,0,1,1.0933626890182495,5.1499714851379395,-2.3863027095794678,-0.723476767539978,-0.4902656376361847,-2.322709560394287
./data/fj/49.jpg,0,0,2.7376365661621094,0.15711379051208496,-1.4828851222991943,2.170962333679199,-1.207241415977478,-2.068533420562744
./data/fj/5.jpg,0,3,1.4519644975662231,2.032728433609009,-2.0962560176849365,2.1310043334960938,-0.27502375841140747,-2.886793851852417
./data/fj/50.jpg,3,3,0.8519085049629211,0.5919405817985535,-1.815564751625061,3.345806121826172,-0.15121181309223175,-2.2957756519317627
./data/fj/51.jpg,0,0,2.2228477001190186,0.1906442642211914,-1.8085365295410156,1.7095026969909668,0.20537588000297546,-2.040045738220215
./data/fj/52.jpg,1,1,0.5058819651603699,5.091104030609131,-2.300238847732544,-0.6606674194335938,-0.3942529857158661,-1.9539785385131836
./data/fj/53.jpg,3,0,1.9230473041534424,-0.9820054769515991,0.19509348273277283,0.8950246572494507,0.9839318990707397,-2.60573673248291
./data/fj/54.jpg,0,0,4.42148494720459,-0.9883350133895874,-1.096549391746521,0.838950514793396,-0.5872136950492859,-2.1573829650878906
./data/fj/55.jpg,1,1,1.1362107992172241,3.17122745513916,-2.760169267654419,-0.9682409167289734,1.9424594640731812,-2.161076784133911
./data/fj/56.jpg,0,0,3.300241231918335,1.739867925643921,-1.3963193893432617,-0.24967509508132935,-1.0535610914230347,-2.0754318237304688
./data/fj/57.jpg,0,0,4.015311241149902,0.12331922352313995,-1.5447556972503662,0.6420919895172119,-1.0867629051208496,-2.019606828689575
./data/fj/58.jpg,0,0,4.113554000854492,-0.15121358633041382,-1.6608657836914062,0.4834640622138977,-0.3739875853061676,-2.096435308456421
./data/fj/59.jpg,4,4,-0.25231558084487915,-0.6803659796714783,-3.2587759494781494,-0.8175898790359497,5.490541458129883,-0.020926212891936302
./data/fj/6.jpg,3,3,1.3227615356445312,-1.1878708600997925,-1.5793607234954834,3.36840558052063,0.7665137648582458,-2.3862545490264893
./data/fj/60.jpg,1,1,0.45375970005989075,1.8699690103530884,-1.0078524351119995,-0.07474253326654434,1.3783471584320068,-2.216435432434082
./data/fj/61.jpg,0,2,0.9068889617919922,-2.1971325874328613,3.15348482131958,0.22991441190242767,0.761451780796051,-2.4596056938171387
./data/fj/62.jpg,0,0,4.640236854553223,0.1588011384010315,-1.6706819534301758,0.6700636744499207,-1.025936245918274,-2.6102404594421387
./data/fj/63.jpg,1,4,1.505071997642517,0.4562057554721832,-2.6280977725982666,1.4278465509414673,1.8316608667373657,-2.341472625732422
./data/fj/64.jpg,0,3,1.8813740015029907,2.193178653717041,-2.29524302482605,3.2550084590911865,-2.0131967067718506,-2.7326343059539795
./data/fj/65.jpg,0,0,4.467158317565918,-0.7292094826698303,-0.9553418755531311,0.8680443167686462,-1.2877177000045776,-2.2245635986328125
./data/fj/66.jpg,0,0,4.510638236999512,-0.1279314011335373,-1.3220493793487549,0.4138104319572449,-0.8935562372207642,-2.273839235305786
./data/fj/67.jpg,0,3,2.4600298404693604,-1.248353123664856,-1.7380626201629639,3.8828060626983643,-0.0561775304377079,-3.0665416717529297
./data/fj/68.jpg,0,3,1.9502512216567993,-0.6809045672416687,-1.4107089042663574,4.043356418609619,-0.9721555709838867,-2.652974843978882
./data/fj/69.jpg,3,1,0.8525007367134094,3.639352560043335,-2.188847541809082,1.1094914674758911,-0.5668076872825623,-2.4843928813934326
./data/fj/7.jpg,0,0,3.0759873390197754,1.2929213047027588,-1.6045351028442383,2.7763583660125732,-2.130354166030884,-3.178309917449951
./data/fj/70.jpg,0,3,2.2686285972595215,-0.5208295583724976,-1.3291206359863281,2.351088285446167,-0.7315821051597595,-1.8205188512802124
./data/fj/71.jpg,4,4,-1.344007134437561,1.687134027481079,-3.6571977138519287,-2.081700563430786,5.979033946990967,-0.06367283314466476
./data/fj/72.jpg,4,4,-0.694675087928772,1.3422377109527588,-3.016587972640991,-1.4273468255996704,4.709867000579834,-0.502171516418457
./data/fj/77.jpg,0,2,1.7639060020446777,-1.1874215602874756,2.07137131690979,0.24312318861484528,-0.6104221343994141,-2.0892233848571777
./data/fj/78.jpg,0,0,3.219804286956787,0.08496436476707458,-0.4671568274497986,-0.23226740956306458,-0.6344016790390015,-1.8287461996078491
./data/fj/8.jpg,0,3,1.7367032766342163,1.5654900074005127,-0.8154786229133606,2.3728702068328857,-1.7533818483352661,-2.6104416847229004
./data/fj/81.jpg,0,0,2.39983868598938,0.8581086993217468,-0.9662293791770935,1.3625513315200806,-1.4816423654556274,-1.8652753829956055
./data/fj/82.jpg,0,0,3.7245593070983887,-0.5004124641418457,-1.042386531829834,0.7647107839584351,-0.7762004137039185,-1.9292103052139282
./data/fj/83.jpg,0,0,3.6833417415618896,-0.5406310558319092,-1.1384077072143555,0.4411260783672333,-0.8022483587265015,-1.5334614515304565
./data/fj/84.jpg,0,3,2.5667800903320312,-1.0811679363250732,-0.8717063665390015,4.343818664550781,-1.2043567895889282,-3.229581594467163
./data/fj/85.jpg,0,3,1.370008945465088,-0.8979837894439697,-1.6488220691680908,2.81229829788208,0.9561420679092407,-2.369159698486328
./data/fj/86.jpg,1,4,1.4097753763198853,0.04803482070565224,-1.8834378719329834,0.4170435070991516,2.334170341491699,-1.892091155052185
./data/fj/87.jpg,1,1,1.3338451385498047,4.39021635055542,-2.2974650859832764,1.6222139596939087,-2.3873841762542725,-2.3856215476989746
./data/fj/88.jpg,4,4,0.31574586033821106,0.08039143681526184,-3.307490110397339,0.19407521188259125,5.2598185539245605,-2.0244357585906982
./data/fj/89.jpg,0,3,2.2922489643096924,-0.5179493427276611,-1.171553134918213,2.9164841175079346,-0.8869349956512451,-2.224517345428467
./data/fj/9.jpg,0,0,3.1437900066375732,-0.14400066435337067,-1.4624590873718262,2.432459831237793,-1.4251763820648193,-2.3919849395751953
./data/fj/90.jpg,0,0,2.634490728378296,-0.5090789198875427,-0.8800129294395447,1.5115424394607544,-0.4883037507534027,-2.021008014678955
./data/fj/91.jpg,0,0,4.004325866699219,0.06423011422157288,-1.445735216140747,-0.11679451912641525,-1.020306944847107,-1.1020485162734985
./data/fj/92.jpg,0,0,2.2861390113830566,-0.37190693616867065,-2.1614742279052734,0.4305194616317749,1.6243396997451782,-1.4453107118606567
./data/fj/93.jpg,4,4,-0.2961442470550537,-2.3376500606536865,-3.163264513015747,-0.4817509055137634,7.4955525398254395,-0.6217120289802551
./data/fj/94.jpg,0,0,2.0495548248291016,-0.6706122159957886,-2.462514638900757,1.9573005437850952,1.8363667726516724,-2.461425304412842
./data/fj/95.jpg,1,1,1.345570683479309,3.9443860054016113,-2.1481876373291016,-0.19377237558364868,-0.5176652669906616,-2.2182536125183105
./data/fj/96.jpg,0,0,3.036275625228882,0.7177644968032837,-2.4251821041107178,2.1092512607574463,-0.3914600908756256,-2.8259754180908203
./data/fj/97.jpg,0,0,3.857621192932129,-0.5069736838340759,-0.6687398552894592,1.2167659997940063,-1.195901870727539,-2.1566781997680664
./data/fj/98.jpg,0,3,2.4178028106689453,0.17644129693508148,-2.213623285293579,2.712420701980591,-0.6123314499855042,-1.9735685586929321
./data/fj/99.jpg,0,0,3.6235122680664062,-0.029997725039720535,-0.967307448387146,1.1026042699813843,-1.4729804992675781,-2.0083415508270264
